{"cameraMode":{"drawMode":0,"name":"Shaded","section":"Shading Mode"},"sceneLighting":true,"audioPlay":false,"sceneViewState":{"m_AlwaysRefresh":false,"showFog":true,"showSkybox":true,"showFlares":true,"showImageEffects":true,"showParticleSystems":true,"showVisualEffectGraphs":true,"m_FxEnabled":true},"in2DMode":false,"pivot":{"x":5.489102363586426,"y":0.6596000790596008,"z":-1.7879536151885987},"rotation":{"x":0.08875394612550736,"y":-0.6872984766960144,"z":0.08515670895576477,"w":0.7159107327461243},"size":1.6906245946884156,"orthographic":false}